titulo,url,precio_pesos,precio_usd,precio_dolar_blue,fecha_publicación
La Casa Neville . La Formidable Señorita  Manon,https://cuspide.com/producto/la-casa-neville-la-formidable-senorita-manon/,13700.0,37.48,14.81,2023-09-29
La Mujer Que Soy,https://cuspide.com/producto/la-mujer-que-soy/,8999.0,24.62,9.73,2023-10-31
Este Dolor No Es Mio,https://cuspide.com/producto/este-dolor-no-es-mio/,11500.0,31.46,12.43,2018-03-16
Oxido,https://cuspide.com/producto/oxido/,14999.0,41.04,16.22,2023-06-10
El Problema Final,https://cuspide.com/producto/el-problema-final/,13999.0,38.3,15.13,2023-09-28
Artificial,https://cuspide.com/producto/artificial-2/,9999.0,27.36,10.81,2023-09-28
Horoscopo Chino 2024,https://cuspide.com/producto/horoscopo-chino-2024/,7999.0,21.89,8.65,2023-09-28
El Poder De Las Palabras,https://cuspide.com/producto/el-poder-de-las-palabras/,13899.0,38.03,15.03,2022-08-29
El Viento Conoce Mi Nombre,https://cuspide.com/producto/el-viento-conoce-mi-nombre/,13999.0,38.3,15.13,2023-06-06
Holly,https://cuspide.com/producto/holly/,18999.0,51.98,20.54,2023-09-28
Tesis Sobre Una Domesticacion,https://cuspide.com/producto/tesis-sobre-una-domesticacion/,11800.0,32.28,12.76,2023-08-31
Una Familia Anormal,https://cuspide.com/producto/una-familia-anormal-5/,5799.0,15.87,6.27,2023-07-28
Manny Manitas  Recorta Y Pega Con Pegatinas,https://cuspide.com/producto/manny-manitas-recorta-y-pega-con-pegatinas/,400.0,1.09,0.43,2016-03-05
Taylor : From The Vault,https://cuspide.com/producto/taylor-from-the-vault/,8299.0,22.71,8.97,2023-09-28
Los Cuatro Acuerdos,https://cuspide.com/producto/los-cuatro-acuerdos/,10690.0,29.25,11.56,2007-10-16
Las Ni/As Del Naranjel,https://cuspide.com/producto/las-ni-as-del-naranjel/,10999.0,30.09,11.89,2023-09-28
Dibu Martinez : Pasion Por El Futbol,https://cuspide.com/producto/dibu-martinez-pasion-por-el-futbol/,6699.0,18.33,7.24,2022-09-29
La Paciente Silenciosa,https://cuspide.com/producto/la-paciente-silenciosa/,12999.0,35.56,14.05,2022-01-25
El Hombre En Busca De Sentido,https://cuspide.com/producto/el-hombre-en-busca-de-sentido/,7590.0,20.77,8.21,2016-04-21
Deja De Ser Tu,https://cuspide.com/producto/deja-de-ser-tu/,16890.0,46.21,18.26,2021-01-14
Los Ojos Plata  Five Nights At Freddy'S,https://cuspide.com/producto/los-ojos-plata-five-nights-at-freddys/,12799.0,35.02,13.84,2017-05-29
La Felicidad Cabe En Una Taza De Cafe,https://cuspide.com/producto/la-felicidad-cabe-en-una-taza-de-cafe/,12799.0,35.02,13.84,2023-03-29
La Armadura De La Luz,https://cuspide.com/producto/la-armadura-de-la-luz/,24999.0,68.4,27.03,2023-09-28
Mi Diario Secreto : Rosa,https://cuspide.com/producto/mi-diario-secreto-rosa/,8599.0,23.53,9.3,2023-05-20
Beyond The Story ( Edicion En Espa/Ol ),https://cuspide.com/producto/beyond-the-story-edicion-en-espa-ol/,14999.0,41.04,16.22,2023-08-29
Desarma Este Libro,https://cuspide.com/producto/desarma-este-libro/,4399.0,12.04,4.76,2023-07-09
El Monje Que Vendio Su Ferrari,https://cuspide.com/producto/el-monje-que-vendio-su-ferrari/,13899.0,38.03,15.03,2022-11-04
El Vuelo De La Libelula,https://cuspide.com/producto/el-vuelo-de-la-libelula/,12999.0,35.56,14.05,2023-08-29
Mis Dias En La Libreria Morisaki,https://cuspide.com/producto/mis-dias-en-la-libreria-morisaki/,7390.0,20.22,7.99,2023-01-31
Cronicas Mundiales Las Mejores Anecdotas De La Copa Del Mundo (2023),https://cuspide.com/producto/cronicas-mundiales-las-mejores-anecdotas-de-la-copa-del-mundo-2023/,4999.0,13.68,5.4,2023-10-19
Un Vecino Anormal  : Y El Ladron Del Chocolate,https://cuspide.com/producto/un-vecino-anormal-y-el-ladron-del-chocolate/,6399.0,17.51,6.92,2023-09-28
Nosotros Dos En La Tormenta,https://cuspide.com/producto/nosotros-dos-en-la-tormenta/,15999.0,43.77,17.3,2023-05-27
La Casa De Los Suicidios,https://cuspide.com/producto/la-casa-de-los-suicidios/,11900.0,32.56,12.86,2023-08-31
"Padre Rico , Padre Pobre ( 25 Años )",https://cuspide.com/producto/padre-rico-padre-pobre-25-anos/,14899.0,40.76,16.11,2023-12-10
Encuentra Tu Persona Vitamina,https://cuspide.com/producto/encuentra-tu-persona-vitamina/,14000.0,38.3,15.14,2021-04-10
"Muchas Vidas , Muchos Maestros",https://cuspide.com/producto/muchas-vidas-muchos-maestros-2/,9499.0,25.99,10.27,2021-01-22
El Poder Del Ahora,https://cuspide.com/producto/el-poder-del-ahora/,9499.0,25.99,10.27,2015-08-31
Lo Mejor Para El Recreo: Recetas - Disney,https://cuspide.com/producto/lo-mejor-para-el-recreo-recetas-disney/,800.0,2.19,0.86,2016-03-05
La Scaloneta,https://cuspide.com/producto/la-scaloneta/,7490.0,20.49,8.1,2023-06-06
73 Margaritas,https://cuspide.com/producto/73-margaritas/,8999.0,24.62,9.73,2023-09-28
Winnie The Pooh / Mi Primera Mirada A La Tierra: Praderas,https://cuspide.com/producto/winnie-the-pooh-mi-primera-mirada-a-la-tierra-praderas/,400.0,1.09,0.43,2016-03-05
Winnie The Pooh / Mi Primera Mirada A La Tierra: Reptiles Y Anfibios,https://cuspide.com/producto/winnie-the-pooh-mi-primera-mirada-a-la-tierra-reptiles-y-anfibios/,400.0,1.09,0.43,2016-03-05
Nuestra Parte De Noche,https://cuspide.com/producto/nuestra-parte-de-noche/,18600.0,50.89,20.11,2019-06-12
Antes De Que Se Enfrie El Cafe,https://cuspide.com/producto/antes-de-que-se-enfrie-el-cafe/,12799.0,35.02,13.84,2022-11-28
"Messi , Campeon Del Mundo",https://cuspide.com/producto/messi-campeon-del-mundo/,6490.0,17.76,7.02,2023-09-02
Porque Demasiado No Es Suficiente,https://cuspide.com/producto/porque-demasiado-no-es-suficiente/,9990.0,27.33,10.8,2023-09-28
La Ultima Rosa De Shangai,https://cuspide.com/producto/la-ultima-rosa-de-shangai/,11900.0,32.56,12.86,2023-04-10
Tarzan El Invencible,https://cuspide.com/producto/tarzan-el-invencible/,580.0,1.59,0.63,2015-11-26
Tarzan Y La Ciudad Prohibida,https://cuspide.com/producto/tarzan-y-la-ciudad-prohibida/,580.0,1.59,0.63,2015-11-26
Los Siete Maridos De Evelyn Hugo,https://cuspide.com/producto/los-siete-maridos-de-evelyn-hugo/,13550.0,37.07,14.65,2020-12-15
Sana A Tus Antepasados Para Sanar Tu Vida,https://cuspide.com/producto/sana-a-tus-antepasados-para-sanar-tu-vida/,8150.0,22.3,8.81,2022-07-26
La Revolucion De La Glucosa,https://cuspide.com/producto/la-revolucion-de-la-glucosa/,16000.0,43.78,17.3,2022-03-08
El Principito,https://cuspide.com/producto/el-principito-9/,3999.0,10.94,4.32,2021-12-21
Five Nights At Freddy'S : Cuaderno De Supervivencia,https://cuspide.com/producto/five-nights-at-freddys-cuaderno-de-supervivencia/,8399.0,22.98,9.08,2023-03-29
Tarzan Y Los Hombres Leopardo.,https://cuspide.com/producto/tarzan-y-los-hombres-leopardo/,580.0,1.59,0.63,2015-11-26
Messi Crack,https://cuspide.com/producto/messi-crack/,7599.0,20.79,8.22,2023-04-27
Pato Horneado Y El Rescate En La Jungla,https://cuspide.com/producto/pato-horneado-y-el-rescate-en-la-jungla/,9600.0,26.27,10.38,2023-07-31
Adios Cachorra,https://cuspide.com/producto/adios-cachorra/,10400.0,28.45,11.24,2023-03-03
El Camino Del Artista,https://cuspide.com/producto/el-camino-del-artista/,13899.0,38.03,15.03,2019-10-18
Winnie The Pooh / Mi Primera Mirada A La Tierra: Las Estaciones,https://cuspide.com/producto/winnie-the-pooh-mi-primera-mirada-a-la-tierra-las-estaciones/,400.0,1.09,0.43,2016-03-05
El Hijo De Tarzan,https://cuspide.com/producto/el-hijo-de-tarzan/,580.0,1.59,0.63,2015-11-26
Meditaciones,https://cuspide.com/producto/meditaciones-2/,9860.0,26.98,10.66,2023-02-23
Que Sabes De Los Campeones Del Mundo ?,https://cuspide.com/producto/que-sabes-de-los-campeones-del-mundo/,2599.0,7.11,2.81,2023-10-19
Winnie The Pooh / Mi Primera Mirada A La Tierra: Bosques,https://cuspide.com/producto/winnie-the-pooh-mi-primera-mirada-a-la-tierra-bosques/,400.0,1.09,0.43,2016-03-05
3. Hunter Killer,https://cuspide.com/producto/3-hunter-killer/,600.0,1.64,0.65,2016-09-29
La Crisis De La Narracion,https://cuspide.com/producto/la-crisis-de-la-narracion/,7790.0,21.31,8.42,2023-05-09
Rota Se Camina Igual,https://cuspide.com/producto/rota-se-camina-igual/,12599.0,34.47,13.62,2022-06-30
Ikigai  Vintage,https://cuspide.com/producto/ikigai-vintage/,9150.0,25.03,9.89,2022-05-11
Las Indignas,https://cuspide.com/producto/las-indignas/,8399.0,22.98,9.08,2023-08-29
Ahora Alfonsin,https://cuspide.com/producto/ahora-alfonsin/,13000.0,35.57,14.05,2023-09-29
Palabras Semilla,https://cuspide.com/producto/palabras-semilla/,4750.0,13.0,5.14,2022-04-07
La Biblioteca De Los Nuevos Comienzos,https://cuspide.com/producto/la-biblioteca-de-los-nuevos-comienzos/,9100.0,24.9,9.84,2023-09-29
El Gato Y La Ciudad,https://cuspide.com/producto/el-gato-y-la-ciudad/,7990.0,21.86,8.64,2023-03-07
Flores En El Barro,https://cuspide.com/producto/flores-en-el-barro/,10999.0,30.09,11.89,2023-08-29
Los Peligros De Fumar En La Cama,https://cuspide.com/producto/los-peligros-de-fumar-en-la-cama/,12000.0,32.83,12.97,2016-12-20
Gaturro Messi,https://cuspide.com/producto/gaturro-messi/,4990.0,13.65,5.39,2023-01-08
Born Y Quieto,https://cuspide.com/producto/born-y-quieto/,11800.0,32.28,12.76,2023-07-31
Pinta A Leo,https://cuspide.com/producto/pinta-a-leo/,6990.0,19.12,7.56,2023-05-10
La Vaca No Se Calla,https://cuspide.com/producto/la-vaca-no-se-calla/,6830.0,18.69,7.38,2023-07-26
Quiz Book - Futbol Mundial,https://cuspide.com/producto/quiz-book-futbol-mundial/,4699.0,12.86,5.08,2023-11-08
Diario De Una Soledad,https://cuspide.com/producto/diario-de-una-soledad/,10290.0,28.15,11.12,2023-09-10
Conocer A Peron,https://cuspide.com/producto/conocer-a-peron/,15200.0,41.59,16.43,2022-03-11
Historias De Divan . Diez Relatos De Vida,https://cuspide.com/producto/historias-de-divan-diez-relatos-de-vida/,8900.0,24.35,9.62,2023-08-31
Winnie The Pooh / Mi Primera Mirada A La Naturaleza: Las Plantas,https://cuspide.com/producto/winnie-the-pooh-mi-primera-mirada-a-la-naturaleza-las-plantas/,400.0,1.09,0.43,2016-03-05
Balada De Pajaros Cantores Y Serpientes,https://cuspide.com/producto/balada-de-pajaros-cantores-y-serpientes/,17599.0,48.15,19.03,2021-10-13
La Tercera,https://cuspide.com/producto/la-tercera/,10400.0,28.45,11.24,2023-02-02
Uselo Y Tirelo,https://cuspide.com/producto/uselo-y-tirelo/,8700.0,23.8,9.41,2023-09-25
La Uruguaya,https://cuspide.com/producto/la-uruguaya/,9500.0,25.99,10.27,2023-07-31
Cadaver Exquisito,https://cuspide.com/producto/cadaver-exquisito-2/,12999.0,35.56,14.05,2023-08-23
